Nature,Case,Reported,Occurred,Location,Disposition,Distance,Latitude,Longitude,Speech Output,Date,Times
INCIDENT - ASSIST OTHER AGENCY,461220,12/25/2020 21:41,12/25/2020  21:41 - 12/25/2020 22:45,"1109 S Ave B, Denton",Information Only 12/25/2020,0.539729505,33.20451794,-97.14847861,"INCIDENT - ASSIST OTHER AGENCY was filed with the case number 0461220 was reported on 12/25/2020 21:41 at 1109 S Ave B, Denton. The disposition was Information Only 12/25/2020.  The incident was about 0.54 miles away from you.",12/25/2020,Night
POSS OF DRUG PARAPHERNALIA,471220,12/26/2020 22:50,12/26/2020  22:50 - 12/26/2020 23:45,"Denton High School, 1007 Fulton St, Denton",Cited 12/26/2020,0.916382129,33.22365914,-97.14341,"Possession OF DRUG PARAPHERNALIA was filed with the case number 0471220 was reported on 12/26/2020 22:50 at Denton High School, 1007 Fulton St, Denton. The disposition was Cited 12/26/2020. ",12/26/2020,Night
INCIDENT - ASSIST OTHER AGENCY,481220,12/27/2020 4:18,12/27/2020  04:06 - 12/27/2020 04:08,"Cvs, 1510 W Hickory St, Denton",Information Only 12/27/2020,0.237762809,33.21492555,-97.14881062,"INCIDENT - ASSIST OTHER AGENCY was filed with the case number 0481220 was reported on 12/27/2020 04:18 at Cvs, 1510 W Hickory St, Denton. The disposition was Information Only 12/27/2020.  The incident was about 0.24 miles away from you. Since the incident is less than half a mile away, you might want to take appropriate precautions. ",12/27/2020,Late Night
POSS OF DRUG PARAPHERNALIA,491220,12/27/2020 20:18,12/27/2020  20:18 - 12/27/2020 21:13,"200 Ponder Ave, Denton",Cited 12/27/2020,8.128121446,33.1828974,-97.2872403,"Possession OF DRUG PARAPHERNALIA was filed with the case number 0491220 was reported on 12/27/2020 20:18 at 200 Ponder Ave, Denton. The disposition was Cited 12/27/2020.  The incident was about 8.1 miles away from you.",12/27/2020,Night
DUTY ON STRIKING FIXTURE,501220,12/28/2020 7:28,12/28/2020  00:33 - 12/28/2020 00:33,"600 Ave A, Denton",No further Information / Evidence 01/06/2020,0.541944046,33.2053901,-97.1460464,"DUTY ON STRIKING FIXTURE was filed with the case number 0501220 was reported on 12/28/2020 07:28 at 600 Ave A, Denton. The disposition was No further Information / Evidence 01/06/2020.  The incident was about 0.54 miles away from you.",12/28/2020,Morning
POSS CS PG1 (SYN NARCOTIC),511220,12/29/2020 7:25,12/29/2020  07:25 - 12/29/2020 07:41,"Woodhill Square Bldg 4, 1112 Dallas Dr, Denton",Clred By Adult Arrest 12/29/2020,1.998557112,33.196963,-97.121526,"Possession Controlled Substance Penalty Group1 (SYN NARCOTIC) was filed with the case number 0511220 was reported on 12/29/2020 07:25 at Woodhill Square Bldg 4, 1112 Dallas Dr, Denton. The disposition was Cleared By Adult Arrest 12/29/2020. ",12/29/2020,Morning
INCIDENT - INFORMATION REPORT,10121,1/4/2021 11:28,01/04/2021  11:28 - 01/04/2021 11:28,"Traditions Hall, 502 North Texas Blvd, Denton",Information Only 01/06/2021,0.262633357,33.210471,-97.155178,"INCIDENT - INFORMATION REPORT was filed with the case number 0010121 was reported on 01/04/2021 11:28 at Traditions Hall, 502 North Texas Blvd, Denton. The disposition was Information Only 01/06/2021. ",1/4/2021,Morning
OUTSIDE WARRANT FELONY,20121,1/4/2021 15:44,01/04/2021  15:44 - 01/04/2021 16:00,"Oaks Apartments, 425 Bernard St, Denton",Clred By Adult Arrest 01/04/2021,0.563639592,33.21096412,-97.14136843,"OUTSIDE WARRANT FelonyONY was filed with the case number 0020121 was reported on 01/04/2021 15:44 at Oaks Apartments, 425 Bernard St, Denton. The disposition was Cleared By Adult Arrest 01/04/2021. ",1/4/2021,Afternoon
THEFT MISDEMEANOR EXCEPT VEH,30121,1/5/2021 9:23,01/02/2020  02:37 - 01/02/2020 02:42,"Traditions Hall, 502 North Texas Blvd, Denton",No further Information / Evidence 01/05/2021,0.262633357,33.210471,-97.155178,"THEFT MisdemeanorEMEANOR EXCEPT Vehicle was filed with the case number 0030121 was reported on 01/05/2021 09:23 at Traditions Hall, 502 North Texas Blvd, Denton. The disposition was No further Information / Evidence 01/05/2021. ",1/5/2021,Morning
POSS OF DRUG PARAPHERNALIA,50121,1/5/2021 22:18,01/05/2021  22:18 - 01/05/2021 22:30,"600 S Carroll Blvd, Denton",Cited 01/05/2021,0.816718887,33.2140312,-97.1371102,"Possession OF DRUG PARAPHERNALIA was filed with the case number 0050121 was reported on 01/05/2021 22:18 at 600 S Carroll Blvd, Denton. The disposition was Cited 01/05/2021.  The incident was about 0.82 miles away from you.",1/5/2021,Night
D W I (1ST OR 2ND OFFENSE),60121,1/7/2021 2:41,01/07/2021  02:41 - 01/07/2021 03:13,"800 Bernard St, Denton",Clred By Adult Arrest 01/07/2021,0.632397918,33.20736307,-97.1416251,"D W I (1ST OR 2ND OFFENSE) was filed with the case number 0060121 was reported on 01/07/2021 02:41 at 800 Bernard St, Denton. The disposition was Cleared By Adult Arrest 01/07/2021.  The incident was about 0.63 miles away from you.",1/7/2021,Late Night
TAMPER/FABR EVID - DOC/RECD/ITEM,70121,1/8/2021 3:03,01/08/2021  03:00 - 01/08/2021 03:17,"100 Avenue D, Denton",Clred By Adult Arrest 01/08/2021,0.206799829,33.214557,-97.152954,"TAMPER/Fabricate Evidence - DOC/RECD/ITEM was filed with the case number 0070121 was reported on 01/08/2021 03:03 at 100 Avenue D, Denton. The disposition was Cleared By Adult Arrest 01/08/2021.  The incident was about 0.21 miles away from you. Since the incident is less than half a mile away, you might want to take appropriate precautions. ",1/8/2021,Late Night
ESCAPE,80121,1/8/2021 12:45,01/08/2021  12:45 - 01/08/2021 13:19,"1300 W Oak St, Denton",Clred By Adult Arrest 01/08/2021,0.324433854,33.215772,-97.147643,"ESCAPE was filed with the case number 0080121 was reported on 01/08/2021 12:45 at 1300 W Oak St, Denton. The disposition was Cleared By Adult Arrest 01/08/2021.  The incident was about 0.32 miles away from you. Since the incident is less than half a mile away, you might want to take appropriate precautions. ",1/8/2021,Afternoon
CRIMINAL TRESPASS,90121,1/20/2021 19:35,01/20/2021  09:20 - 01/20/2021 09:29,"University Union, 1155 Union Circle, Denton",Clred By Adult Arrest 01/20/2021,0.263339184,33.2107123,-97.1467609,"CriminalINAL TRESPASS was filed with the case number 0090121 was reported on 01/20/2021 19:35 at University Union, 1155 Union Circle, Denton. The disposition was Cleared By Adult Arrest 01/20/2021.  The incident was about 0.26 miles away from you. Since the incident is less than half a mile away, you might want to take appropriate precautions. ",1/20/2021,Night
THEFT MISDEMEANOR EXCEPT VEH,100121,1/11/2021 12:20,11/19/2020  00:01 - 01/11/2021 14:52,"Chilton Hall, 410 S Ave C, Denton",Information Only 01/27/2021,0.05517131,33.21124848,-97.150845,"THEFT MisdemeanorEMEANOR EXCEPT Vehicle was filed with the case number 0100121 was reported on 01/11/2021 12:20 at Chilton Hall, 410 S Ave C, Denton. The disposition was Information Only 01/27/2021. ",1/11/2021,Afternoon
BURG HABITATION,110121,1/11/2021 14:00,12/23/2020  00:01 - 01/09/2021 23:59,"Victory Hall, 1379 S Bonnie Brae St, Denton",Pending 01/11/2021,0.848861009,33.20327854,-97.16133946,"Burglary HABITATION was filed with the case number 0110121 was reported on 01/11/2021 14:00 at Victory Hall, 1379 S Bonnie Brae St, Denton. The disposition was Pending 01/11/2021. ",1/11/2021,Afternoon
SEXUAL ASSAULT,120121,1/11/2021 15:46,01/09/2021  00:01 - 01/09/2021 23:59,"Joe Greene Hall, 800 Ave A, Denton",CSA Report 01/11/2021,0.43364395,33.20718535,-97.14626757,"SEXUAL ASSAULT was filed with the case number 0120121 was reported on 01/11/2021 15:46 at Joe Greene Hall, 800 Ave A, Denton. The disposition was Controlled SubstanceA Report 01/11/2021. ",1/11/2021,Afternoon
CONSUMP OF ALCOHOL BY MINOR,130121,1/12/2021 0:11,01/11/2021  20:30 - 01/12/2021 00:42,"Joe Greene Hall, 800 Ave A, Denton",Cited 01/12/2020,0.43364395,33.20718535,-97.14626757,"Consumption OF ALCOHOL BY MINOR was filed with the case number 0130121 was reported on 01/12/2021 00:11 at Joe Greene Hall, 800 Ave A, Denton. The disposition was Cited 01/12/2020. ",1/12/2021,Late Night
SEXUAL ASSAULT,140121,1/12/2021 15:22,09/01/2020  00:01 - 10/31/2020 23:59,"Rawlins Hall, 1815 Maple St, Denton",Pending 01/12/2021,0.32630391,33.207489,-97.15258124,"SEXUAL ASSAULT was filed with the case number 0140121 was reported on 01/12/2021 15:22 at Rawlins Hall, 1815 Maple St, Denton. The disposition was Pending 01/12/2021. ",1/12/2021,Afternoon
WRONG WAY ON ONE WAY,150121,1/12/2021 16:45,01/12/2021  16:45 - 01/12/2021 17:04,"1300 Maple St, Denton",Cited 01/12/2021,0.34483368,33.20832913,-97.14703421,"WRONG WAY ON ONE WAY was filed with the case number 0150121 was reported on 01/12/2021 16:45 at 1300 Maple St, Denton. The disposition was Cited 01/12/2021.  The incident was about 0.34 miles away from you. Since the incident is less than half a mile away, you might want to take appropriate precautions. ",1/12/2021,Afternoon
PUBLIC INTOXICATION,160121,1/12/2021 19:30,01/12/2021  19:09 - 01/12/2021 20:40,"University Union, 1155 Union Circle, Denton",Cited 01/13/2021,0.263339184,33.2107123,-97.1467609,"PUBLicense INTOXICATION was filed with the case number 0160121 was reported on 01/12/2021 19:30 at University Union, 1155 Union Circle, Denton. The disposition was Cited 01/13/2021.  The incident was about 0.26 miles away from you. Since the incident is less than half a mile away, you might want to take appropriate precautions. ",1/12/2021,Night
ASSAULT BY CONTACT,170121,1/13/2021 18:14,01/13/2021  05:20 - 01/13/2021 05:30,"1900 W Sycamore St, Denton",No further Information / Evidence 01/27/2021,0.229694145,33.212799,-97.154901,"ASSAULT BY ContainerACT was filed with the case number 0170121 was reported on 01/13/2021 18:14 at 1900 W Sycamore St, Denton. The disposition was No further Information / Evidence 01/27/2021.  The incident was about 0.23 miles away from you. Since the incident is less than half a mile away, you might want to take appropriate precautions. ",1/13/2021,Night
SEXUAL ASSAULT,180121,1/13/2021 21:02,01/09/2021  01:00 - 01/09/2021 02:00,"Joe Greene Hall, 800 Ave A, Denton",Pending 01/13/2021,0.43364395,33.20718535,-97.14626757,"SEXUAL ASSAULT was filed with the case number 0180121 was reported on 01/13/2021 21:02 at Joe Greene Hall, 800 Ave A, Denton. The disposition was Pending 01/13/2021. ",1/13/2021,Night
CONSUMP OF ALCOHOL BY MINOR,190121,1/14/2021 0:56,01/14/2021  00:56 - 01/14/2021 01:12,"Lot 41, 900 W Eagle Dr, Denton",Cited 01/14/2021,-1,-1,-1,"Consumption OF ALCOHOL BY MINOR was filed with the case number 0190121 was reported on 01/14/2021 00:56 at Lot 41, 900 W Eagle Dr, Denton. The disposition was Cited 01/14/2021. ",1/14/2021,Late Night
INCIDENT - MEDICAL ASSIST,200121,1/14/2021 7:32,01/14/2021  07:32 - 01/14/2021 07:45,"501 N. I35 E, Denton",Information Only 01/14/2021,2.024264462,33.1838787,-97.1413417,"INCIDENT - MEDICAL ASSIST was filed with the case number 0200121 was reported on 01/14/2021 07:32 at 501 N. I35 E, Denton. The disposition was Information Only 01/14/2021. ",1/14/2021,Morning
POSS OF DRUG PARAPHERNALIA,210121,1/15/2021 0:34,01/15/2021  00:34 - 01/15/2021 01:14,"Lot 32, 801 Ave A, Denton",Cited 01/15/2021,0.471289041,33.2068856,-97.14568299,"Possession OF DRUG PARAPHERNALIA was filed with the case number 0210121 was reported on 01/15/2021 00:34 at Lot 32, 801 Ave A, Denton. The disposition was Cited 01/15/2021.  The incident was about 0.47 miles away from you. Since the incident is less than half a mile away, you might want to take appropriate precautions. ",1/15/2021,Late Night
D W I (1ST OR 2ND OFFENSE),220121,1/15/2021 2:07,01/15/2021  02:05 - 01/15/2021 02:38,"1000 Fannin St, Denton",Clred By Adult Arrest 01/15/2021,0.600611537,33.20544,-97.144261,"D W I (1ST OR 2ND OFFENSE) was filed with the case number 0220121 was reported on 01/15/2021 02:07 at 1000 Fannin St, Denton. The disposition was Cleared By Adult Arrest 01/15/2021.  The incident was about 0.6 miles away from you.",1/15/2021,Late Night
POSS CS PG1 (OPIATE/COCAINE),230121,1/15/2021 2:21,01/15/2021  02:21 - 01/15/2021 02:47,"1000 W Mulberry St, Denton",Clred By Adult Arrest 01/15/2021,0.46922681,33.21368008,-97.14316074,"Possession Controlled Substance Penalty Group1 (OPIATE/COCAINE) was filed with the case number 0230121 was reported on 01/15/2021 02:21 at 1000 W Mulberry St, Denton. The disposition was Cleared By Adult Arrest 01/15/2021.  The incident was about 0.47 miles away from you. Since the incident is less than half a mile away, you might want to take appropriate precautions. ",1/15/2021,Late Night
CONSUMP OF ALCOHOL BY MINOR,240121,1/10/2021 13:45,01/10/2021  01:25 - 01/10/2021 01:25,Victory Hall,Report taken by Dean of Students 01/15/2021,4767.917231,52.0749168,1.1011789,Consumption OF ALCOHOL BY MINOR was filed with the case number 0240121 was reported on 01/10/2021 13:45 at Victory Hall. The disposition was Report taken by Dean of Students 01/15/2021.  The incident was about 4800.0 miles away from you.,1/10/2021,Afternoon
INCIDENT - MAJOR CRASH,250121,1/15/2021 16:57,01/15/2021  16:57 - 01/15/2021 17:38,"Lot 34, 1550 N I35E, Denton",Cited 01/15/2021,-1,-1,-1,"INCIDENT - MAJOR CRASH was filed with the case number 0250121 was reported on 01/15/2021 16:57 at Lot 34, 1550 N I35E, Denton. The disposition was Cited 01/15/2021. ",1/15/2021,Afternoon
INCIDENT - INFORMATION REPORT,270121,1/15/2021 19:55,01/15/2021  16:00 - 01/15/2021 19:55,"University Union, 1155 Union Circle, Denton",Information Only 01/15/2021,0.263339184,33.2107123,-97.1467609,"INCIDENT - INFORMATION REPORT was filed with the case number 0270121 was reported on 01/15/2021 19:55 at University Union, 1155 Union Circle, Denton. The disposition was Information Only 01/15/2021.  The incident was about 0.26 miles away from you. Since the incident is less than half a mile away, you might want to take appropriate precautions. ",1/15/2021,Night
U U M V,280121,1/15/2021 22:46,01/15/2021  22:46 - 01/15/2021 23:50,"Lot 81, 1311 S Bonnie Brae St, Denton",Clred By Adult Arrest 01/15/2021,0.725738049,33.20610494,-97.16140025,"U U M V was filed with the case number 0280121 was reported on 01/15/2021 22:46 at Lot 81, 1311 S Bonnie Brae St, Denton. The disposition was Cleared By Adult Arrest 01/15/2021. ",1/15/2021,Night
CONSUMP OF ALCOHOL BY MINOR,290121,1/16/2021 2:15,01/16/2021  02:15 - 01/16/2021 02:30,"Lot 41, 900 W Eagle Dr, Denton",Cited 01/16/2021,-1,-1,-1,"Consumption OF ALCOHOL BY MINOR was filed with the case number 0290121 was reported on 01/16/2021 02:15 at Lot 41, 900 W Eagle Dr, Denton. The disposition was Cited 01/16/2021. ",1/16/2021,Late Night
POSS OF DRUG PARAPHERNALIA,300121,1/16/2021 8:55,01/16/2021  08:55 - 01/16/2021 09:35,"1300 Margie St, Denton",Cited 01/16/2021,0.547102825,33.204802,-97.147173,"Possession OF DRUG PARAPHERNALIA was filed with the case number 0300121 was reported on 01/16/2021 08:55 at 1300 Margie St, Denton. The disposition was Cited 01/16/2021.  The incident was about 0.55 miles away from you.",1/16/2021,Morning
INCIDENT - INFORMATION REPORT,310121,1/16/2021 23:40,01/14/2021  17:17 - 01/14/2021 19:57,"Traditions Fields, 2201 Allen Saxe Dr, Denton",Information Only 01/16/2021,-1,-1,-1,"INCIDENT - INFORMATION REPORT was filed with the case number 0310121 was reported on 01/16/2021 23:40 at Traditions Fields, 2201 Allen Saxe Dr, Denton. The disposition was Information Only 01/16/2021. ",1/16/2021,Night
CONSUMP OF ALCOHOL BY MINOR,320121,1/17/2021 0:44,01/17/2021  00:44 - 01/17/2021 01:04,"Lot 40, 1000 W Highland St, Denton",Cited 01/17/2021,0.527744616,33.20895175,-97.14268046,"Consumption OF ALCOHOL BY MINOR was filed with the case number 0320121 was reported on 01/17/2021 00:44 at Lot 40, 1000 W Highland St, Denton. The disposition was Cited 01/17/2021.  The incident was about 0.53 miles away from you.",1/17/2021,Late Night
INCIDENT - ASSIST OTHER AGENCY,330121,1/17/2021 4:17,01/17/2021  04:17 - 01/17/2021 04:40,"3300 Medpark Dr, Denton",Outside Agency Case 01/17/2021,3.85974239,33.1829215,-97.0940566,"INCIDENT - ASSIST OTHER AGENCY was filed with the case number 0330121 was reported on 01/17/2021 04:17 at 3300 Medpark Dr, Denton. The disposition was Outside Agency Case 01/17/2021.  The incident was about 3.9 miles away from you.",1/17/2021,Late Night
POSS OF DRUG PARAPHERNALIA,340121,1/17/2021 23:25,01/17/2021  23:25 - 01/18/2021 00:25,"200 Normal St, Denton",Cited 01/18/2021,0.469036073,33.218607,-97.149021,"Possession OF DRUG PARAPHERNALIA was filed with the case number 0340121 was reported on 01/17/2021 23:25 at 200 Normal St, Denton. The disposition was Cited 01/18/2021.  The incident was about 0.47 miles away from you. Since the incident is less than half a mile away, you might want to take appropriate precautions. ",1/17/2021,Night
INCIDENT - MENTALLY ILL PERSON,350121,1/18/2021 1:27,01/18/2021  01:27 - 01/18/2021 04:19,"Fry St/Hickory St, Denton",Information Only 01/18/2021,2.024264462,33.1838787,-97.1413417,"INCIDENT - MENTALLY ILL PERSON was filed with the case number 0350121 was reported on 01/18/2021 01:27 at Fry St/Hickory St, Denton. The disposition was Information Only 01/18/2021. ",1/18/2021,Late Night
INCIDENT - INFORMATION REPORT,360121,1/18/2021 17:07,01/18/2021  17:07 - 01/18/2021 17:27,"Lot 20, 700 North Texas Blvd, Denton",Information Only 01/20/2021,0.356196579,33.208255,-97.15523,"INCIDENT - INFORMATION REPORT was filed with the case number 0360121 was reported on 01/18/2021 17:07 at Lot 20, 700 North Texas Blvd, Denton. The disposition was Information Only 01/20/2021. ",1/18/2021,Afternoon
INCIDENT - INFORMATION REPORT,370121,1/19/2021 8:56,12/11/2020  00:01 - 12/11/2020 23:59,"Bruce Hall, 1624 W Chestnut St",Information Only 01/19/2021,1244.09977,40.0400916,-76.3165126,"INCIDENT - INFORMATION REPORT was filed with the case number 0370121 was reported on 01/19/2021 08:56 at Bruce Hall, 1624 W Chestnut St. The disposition was Information Only 01/19/2021. ",1/19/2021,Morning
RECKLESS DAMAGE,380121,1/19/2021 17:34,01/16/2021  14:03 - 01/16/2021 16:20,"Lot 26, 1750 W Highland St, Denton",No further Information / Evidence 01/22/2021,0.150706103,33.20995325,-97.15182833,"RECKLESS DAMAGE was filed with the case number 0380121 was reported on 01/19/2021 17:34 at Lot 26, 1750 W Highland St, Denton. The disposition was No further Information / Evidence 01/22/2021.  The incident was about 0.15 miles away from you. Since the incident is less than half a mile away, you might want to take appropriate precautions. ",1/19/2021,Afternoon
POSS CS PG2 (NON-NARCOTIC),390121,1/19/2021 19:09,01/19/2021  19:09 - 01/19/2021 19:18,"900 W Eagle Dr, Denton",Clred By Adult Arrest 01/19/2021,2.024264462,33.1838787,-97.1413417,"Possession Controlled Substance Penalty Group2 (NON-NARCOTIC) was filed with the case number 0390121 was reported on 01/19/2021 19:09 at 900 W Eagle Dr, Denton. The disposition was Cleared By Adult Arrest 01/19/2021. ",1/19/2021,Night
INCIDENT - INFORMATION REPORT,400121,1/19/2021 22:29,01/19/2021  22:29 - 01/19/2021 23:41,"Legends Hall, 221 North Texas Blvd, Denton",Information Only 01/19/2021,0.250938546,33.21361151,-97.15494341,"INCIDENT - INFORMATION REPORT was filed with the case number 0400121 was reported on 01/19/2021 22:29 at Legends Hall, 221 North Texas Blvd, Denton. The disposition was Information Only 01/19/2021. ",1/19/2021,Night
DUTY ON STRIKING UNATTEND VEH,410121,1/20/2021 13:23,01/20/2021  01:00 - 01/20/2021 13:20,"Lot 81, 1311 S Bonnie Brae St, Denton",Pending 01/20/2021,0.725738049,33.20610494,-97.16140025,"DUTY ON STRIKING UNATTEND Vehicle was filed with the case number 0410121 was reported on 01/20/2021 13:23 at Lot 81, 1311 S Bonnie Brae St, Denton. The disposition was Pending 01/20/2021. ",1/20/2021,Afternoon
UNLAWFUL DISCLOSURE/PROMOTION OF INTIMATE VISUAL MATER,420121,1/20/2021 19:19,01/18/2021  17:00 - 01/18/2021 17:30,"Joe Greene Hall, 800 Ave A, Denton",No further Information / Evidence 01/25/2021,0.43364395,33.20718535,-97.14626757,"UNLAWFUL DISCLOSURE/PROMOTION OF INTIMATE VISUAL MATER was filed with the case number 0420121 was reported on 01/20/2021 19:19 at Joe Greene Hall, 800 Ave A, Denton. The disposition was No further Information / Evidence 01/25/2021. ",1/20/2021,Night
ASSAULT BY THREAT,430121,1/21/2021 12:15,01/12/2021  19:00 - 01/12/2021 23:00,"Rawlins Hall, 1815 Maple St, Denton",Clred By Other Means 01/21/2021,0.32630391,33.207489,-97.15258124,"ASSAULT BY THREAT was filed with the case number 0430121 was reported on 01/21/2021 12:15 at Rawlins Hall, 1815 Maple St, Denton. The disposition was Cleared By Other Means 01/21/2021. ",1/21/2021,Afternoon
THEFT MISDEMEANOR EXCEPT VEH,440121,1/21/2021 13:05,01/20/2021  09:00 - 01/20/2021 10:00,"West Hall, 320 North Texas Blvd, Denton",Pending 01/21/2021,0.239047331,33.21232293,-97.15515553,"THEFT MisdemeanorEMEANOR EXCEPT Vehicle was filed with the case number 0440121 was reported on 01/21/2021 13:05 at West Hall, 320 North Texas Blvd, Denton. The disposition was Pending 01/21/2021. ",1/21/2021,Afternoon
DUTY ON STRIKING UNATTEND VEH,450121,1/21/2021 18:39,01/21/2021  11:45 - 01/21/2021 12:45,"1700 Chestnut Street, Denton",No further Information / Evidence 01/22/2021,0.087158743,33.21165058,-97.14959744,"DUTY ON STRIKING UNATTEND Vehicle was filed with the case number 0450121 was reported on 01/21/2021 18:39 at 1700 Chestnut Street, Denton. The disposition was No further Information / Evidence 01/22/2021.  The incident was about 0.087 miles away from you. Since the incident is less than half a mile away, you might want to take appropriate precautions. ",1/21/2021,Night
POSS OF DRUG PARAPHERNALIA,460121,1/21/2021 22:00,01/21/2021  22:00 - 01/21/2021 22:28,"Highland St Parking Garage, 620 Central Ave, Denton",Cited 01/21/2021,0.367170259,33.2087512,-97.1460375,"Possession OF DRUG PARAPHERNALIA was filed with the case number 0460121 was reported on 01/21/2021 22:00 at Highland St Parking Garage, 620 Central Ave, Denton. The disposition was Cited 01/21/2021. ",1/21/2021,Night
POSS CS PG2 (SYN NARCOTIC),470121,1/21/2021 23:28,01/21/2021  23:28 - 01/21/2021 23:54,"Eagle Creek Apartments, 603 W Eagle Dr, Denton",Clred By Adult Arrest 01/21/2021,0.774750651,33.20645349,-97.1394086,"Possession Controlled Substance Penalty Group2 (SYN NARCOTIC) was filed with the case number 0470121 was reported on 01/21/2021 23:28 at Eagle Creek Apartments, 603 W Eagle Dr, Denton. The disposition was Cleared By Adult Arrest 01/21/2021. ",1/21/2021,Night
POSS OF DRUG PARAPHERNALIA,480121,1/21/2021 23:10,01/21/2021  23:10 - 01/21/2021 23:40,"1800 Wilshire St, Denton",Cited 01/21/2021,0.43665205,33.20575,-97.15187,"Possession OF DRUG PARAPHERNALIA was filed with the case number 0480121 was reported on 01/21/2021 23:10 at 1800 Wilshire St, Denton. The disposition was Cited 01/21/2021.  The incident was about 0.44 miles away from you. Since the incident is less than half a mile away, you might want to take appropriate precautions. ",1/21/2021,Night
POSS OF DRUG PARAPHERNALIA,490121,1/22/2021 0:44,01/22/2021  00:44 - 01/22/2021 01:39,"Lot 23, 800 S Ave B, Denton",Cited 01/22/2021,0.232246177,33.2145933,-97.1484346,"Possession OF DRUG PARAPHERNALIA was filed with the case number 0490121 was reported on 01/22/2021 00:44 at Lot 23, 800 S Ave B, Denton. The disposition was Cited 01/22/2021. ",1/22/2021,Late Night
POSS OF DRUG PARAPHERNALIA,500121,1/22/2021 2:55,01/22/2021  02:55 - 01/22/2021 03:18,"1000 W Hickory St, Denton",Cited 01/22/2021,0.510530904,33.2147125,-97.14280531,"Possession OF DRUG PARAPHERNALIA was filed with the case number 0500121 was reported on 01/22/2021 02:55 at 1000 W Hickory St, Denton. The disposition was Cited 01/22/2021.  The incident was about 0.51 miles away from you.",1/22/2021,Late Night
BURGLARY OF MOTOR VEHICLE,510121,1/22/2021 8:02,01/21/2021  17:30 - 01/22/2021 06:45,"Belle Bryan Apartments, 416 Bryan St, Denton",No further Information / Evidence 02/01/2021,0.369037771,33.21657007,-97.14767021,"BurglaryLARY OF MOTOR VehicleICLE was filed with the case number 0510121 was reported on 01/22/2021 08:02 at Belle Bryan Apartments, 416 Bryan St, Denton. The disposition was No further Information / Evidence 02/01/2021. ",1/22/2021,Morning
INCIDENT - INFORMATION REPORT,520121,1/22/2021 8:40,01/22/2021  00:01 - 01/22/2021 08:30,"1200 W Highland St, Denton",Pending 01/22/2021,0.236503428,33.2093477,-97.1484949,"INCIDENT - INFORMATION REPORT was filed with the case number 0520121 was reported on 01/22/2021 08:40 at 1200 W Highland St, Denton. The disposition was Pending 01/22/2021.  The incident was about 0.24 miles away from you. Since the incident is less than half a mile away, you might want to take appropriate precautions. ",1/22/2021,Morning
LIQUOR LAW VIOLATION,530121,1/22/2021 12:33,01/16/2021  23:15 - 01/16/2021 23:15,"Sigma Nu, 1003 Maple St, Denton",Report taken by Dean of Students 01/22/2021,0.52339705,33.20811853,-97.14328207,"LIQUOR LAW VIOLATION was filed with the case number 0530121 was reported on 01/22/2021 12:33 at Sigma Nu, 1003 Maple St, Denton. The disposition was Report taken by Dean of Students 01/22/2021. ",1/22/2021,Afternoon
THEFT MISDEMEANOR EXCEPT VEH,540121,1/22/2021 13:44,01/21/2021  20:30 - 01/22/2021 13:00,"Bruce Hall, 1624 Chestnut St, Denton",Pending 01/22/2021,0.039878975,33.2121533,-97.1503608,"THEFT MisdemeanorEMEANOR EXCEPT Vehicle was filed with the case number 0540121 was reported on 01/22/2021 13:44 at Bruce Hall, 1624 Chestnut St, Denton. The disposition was Pending 01/22/2021. ",1/22/2021,Afternoon
OUTSIDE WARRANT FELONY,550121,1/22/2021 13:44,01/22/2021  13:44 - 01/22/2021 14:30,"700 W Mulberry St, Denton",Outside Agency Case 01/22/2021,0.648246362,33.21362858,-97.13998468,"OUTSIDE WARRANT FelonyONY was filed with the case number 0550121 was reported on 01/22/2021 13:44 at 700 W Mulberry St, Denton. The disposition was Outside Agency Case 01/22/2021.  The incident was about 0.65 miles away from you.",1/22/2021,Afternoon
THEFT FELONY EXCEPT VEH,560121,1/22/2021 17:53,01/20/2021  05:15 - 01/20/2021 05:22,"Lot 20, 700 North Texas Blvd, Denton",Pending 01/20/2021,0.356196579,33.208255,-97.15523,"THEFT FelonyONY EXCEPT Vehicle was filed with the case number 0560121 was reported on 01/22/2021 17:53 at Lot 20, 700 North Texas Blvd, Denton. The disposition was Pending 01/20/2021. ",1/22/2021,Afternoon
POSS OF DRUG PARAPHERNALIA,570121,1/23/2021 0:11,01/23/2021  00:11 - 01/23/2021 00:27,"Lot 55, 950 W Sycamore St, Denton",Cited 01/23/2021,0.485084536,33.2126805,-97.1426795,"Possession OF DRUG PARAPHERNALIA was filed with the case number 0570121 was reported on 01/23/2021 00:11 at Lot 55, 950 W Sycamore St, Denton. The disposition was Cited 01/23/2021. ",1/23/2021,Late Night
D W I w/ OPEN CONTAINER,580121,1/23/2021 1:53,01/23/2021  01:53 - 01/23/2021 02:07,"200 N Ave G, Denton",Clred By Adult Arrest 01/23/2021,0.402725377,33.211838,-97.1579979,"D W I w/ OPEN ContainerAINER was filed with the case number 0580121 was reported on 01/23/2021 01:53 at 200 N Ave G, Denton. The disposition was Cleared By Adult Arrest 01/23/2021.  The incident was about 0.4 miles away from you. Since the incident is less than half a mile away, you might want to take appropriate precautions. ",1/23/2021,Late Night
THEFT /2500 - 2 PRIOR CONVICT,590121,1/23/2021 2:31,01/23/2021  02:30 - 01/23/2021 02:51,"The Enclave, 2434 Louise St, Denton",Clred By Adult Arrest 01/23/2021,0.48590293,33.2120813,-97.1594404,"THEFT /2500 - 2 PRIOR CONVICT was filed with the case number 0590121 was reported on 01/23/2021 02:31 at The Enclave, 2434 Louise St, Denton. The disposition was Cleared By Adult Arrest 01/23/2021.  The incident was about 0.49 miles away from you. Since the incident is less than half a mile away, you might want to take appropriate precautions. ",1/23/2021,Late Night
SEXUAL ASSAULT,600121,1/23/2021 18:26,01/23/2021  00:01 - 01/23/2021 02:00,"Sigma Nu, 1003 Maple St, Denton",Pending 01/23/2021,0.52339705,33.20811853,-97.14328207,"SEXUAL ASSAULT was filed with the case number 0600121 was reported on 01/23/2021 18:26 at Sigma Nu, 1003 Maple St, Denton. The disposition was Pending 01/23/2021. ",1/23/2021,Night
POSS ALCOHOL BY MINOR,610121,1/23/2021 23:19,01/23/2021  23:19 - 01/23/2021 23:34,"Kappa Sigma, 1009 Maple St, Denton",Cited 01/23/2021,0.525086052,33.20783315,-97.14346326,"Possession ALCOHOL BY MINOR was filed with the case number 0610121 was reported on 01/23/2021 23:19 at Kappa Sigma, 1009 Maple St, Denton. The disposition was Cited 01/23/2021.  The incident was about 0.53 miles away from you.",1/23/2021,Night
POSS CS PG2 (NON-NARCOTIC),620121,1/24/2021 1:38,01/24/2021  01:38 - 01/24/2021 02:14,"Lot 55, 950 W Sycamore St, Denton",Clred By Adult Arrest 01/24/2021,0.485084536,33.2126805,-97.1426795,"Possession Controlled Substance Penalty Group2 (NON-NARCOTIC) was filed with the case number 0620121 was reported on 01/24/2021 01:38 at Lot 55, 950 W Sycamore St, Denton. The disposition was Cleared By Adult Arrest 01/24/2021. ",1/24/2021,Late Night
CRIM MISCH MISDEMEANOR,630121,1/25/2021 19:55,01/24/2021  14:45 - 01/24/2021 18:30,"1413 Maple Street, Denton",No further Information / Evidence 01/25/2021,0.360131122,33.2077143,-97.14754352,"Criminal Mischief MisdemeanorEMEANOR was filed with the case number 0630121 was reported on 01/25/2021 19:55 at 1413 Maple Street, Denton. The disposition was No further Information / Evidence 01/25/2021.  The incident was about 0.36 miles away from you. Since the incident is less than half a mile away, you might want to take appropriate precautions. ",1/25/2021,Night
ASSAULT W/ BODILY INJURY,640121,1/25/2021 16:17,01/25/2021  15:42 - 01/25/2021 15:44,"Kerr Hall, 1413 Maple St, Denton",Pending 01/25/2021,0.360131122,33.2077143,-97.14754352,"ASSAULT With BODILY InjuryURY was filed with the case number 0640121 was reported on 01/25/2021 16:17 at Kerr Hall, 1413 Maple St, Denton. The disposition was Pending 01/25/2021.  The incident was about 0.36 miles away from you. Since the incident is less than half a mile away, you might want to take appropriate precautions. ",1/25/2021,Afternoon
POSS ALCOHOL BY MINOR,650121,1/26/2021 1:30,01/26/2021  01:30 - 01/26/2021 02:07,"Kerr Hall, 1413 Maple St, Denton",Cited 01/26/2021,0.360131122,33.2077143,-97.14754352,"Possession ALCOHOL BY MINOR was filed with the case number 0650121 was reported on 01/26/2021 01:30 at Kerr Hall, 1413 Maple St, Denton. The disposition was Cited 01/26/2021.  The incident was about 0.36 miles away from you. Since the incident is less than half a mile away, you might want to take appropriate precautions. ",1/26/2021,Late Night
POSS OF DRUG PARAPHERNALIA,660121,1/26/2021 1:20,01/26/2021  01:20 - 01/26/2021 02:23,"804 Ioof St, Denton",Cited 01/26/2021,0.694656087,33.20742862,-97.14035149,"Possession OF DRUG PARAPHERNALIA was filed with the case number 0660121 was reported on 01/26/2021 01:20 at 804 Ioof St, Denton. The disposition was Cited 01/26/2021.  The incident was about 0.69 miles away from you.",1/26/2021,Late Night
POSS OF DRUG PARAPHERNALIA,670121,1/26/2021 17:20,01/26/2021  17:20 - 01/26/2021 18:01,"Mozart Square, 911 North Texas Blvd, Denton",Cited 01/26/2021,0.405754203,33.20649299,-97.15337016,"Possession OF DRUG PARAPHERNALIA was filed with the case number 0670121 was reported on 01/26/2021 17:20 at Mozart Square, 911 North Texas Blvd, Denton. The disposition was Cited 01/26/2021. ",1/26/2021,Afternoon
OUTSIDE WARRANT MISDEMEANOR,680121,1/26/2021 21:52,01/26/2021  21:52 - 01/26/2021 22:19,"200 Marietta St, Denton",Clred By Adult Arrest 01/26/2021,0.266033432,33.215833,-97.151762,"OUTSIDE WARRANT MisdemeanorEMEANOR was filed with the case number 0680121 was reported on 01/26/2021 21:52 at 200 Marietta St, Denton. The disposition was Cleared By Adult Arrest 01/26/2021.  The incident was about 0.27 miles away from you. Since the incident is less than half a mile away, you might want to take appropriate precautions. ",1/26/2021,Night
INCIDENT - INFORMATION REPORT,690121,1/27/2021 14:50,01/27/2021  14:50 - 01/27/2021 16:08,"Eagle Student Services Center, 1147 Union Circle, Denton",Information Only 01/27/2021,0.214400947,33.21032945,-97.14793345,"INCIDENT - INFORMATION REPORT was filed with the case number 0690121 was reported on 01/27/2021 14:50 at Eagle Student Services Center, 1147 Union Circle, Denton. The disposition was Information Only 01/27/2021. ",1/27/2021,Afternoon
INCIDENT - ASSIST OTHER AGENCY,710121,1/28/2021 12:09,01/28/2021  12:00 - 01/28/2021 13:44,"Ioof Cemetery, 711 S Carroll Blvd, Denton",Outside Agency Case 01/28/2021,0.891561584,33.20761536,-97.13654341,"INCIDENT - ASSIST OTHER AGENCY was filed with the case number 0710121 was reported on 01/28/2021 12:09 at Ioof Cemetery, 711 S Carroll Blvd, Denton. The disposition was Outside Agency Case 01/28/2021. ",1/28/2021,Afternoon
RECKLESS DAMAGE,720121,1/29/2021 14:07,01/29/2021  23:00 - 01/29/2021 02:25,"Lot 41, 900 W Eagle Dr, Denton",Pending 01/29/2021,-1,-1,-1,"RECKLESS DAMAGE was filed with the case number 0720121 was reported on 01/29/2021 14:07 at Lot 41, 900 W Eagle Dr, Denton. The disposition was Pending 01/29/2021. ",1/29/2021,Afternoon
D W I w/ OPEN CONTAINER,730121,1/30/2021 1:20,01/30/2021  01:20 - 01/30/2021 01:42,"400 S Carroll Blvd, Denton",Clred By Adult Arrest 01/30/2021,0.792128039,33.210834,-97.137407,"D W I w/ OPEN ContainerAINER was filed with the case number 0730121 was reported on 01/30/2021 01:20 at 400 S Carroll Blvd, Denton. The disposition was Cleared By Adult Arrest 01/30/2021.  The incident was about 0.79 miles away from you.",1/30/2021,Late Night
D W I (1ST OR 2ND OFFENSE),740121,1/30/2021 2:46,01/30/2021  02:46 - 01/30/2021 03:12,"Lot 23, 800 S Ave B, Denton",Clred By Adult Arrest 01/30/2021,0.232246177,33.2145933,-97.1484346,"D W I (1ST OR 2ND OFFENSE) was filed with the case number 0740121 was reported on 01/30/2021 02:46 at Lot 23, 800 S Ave B, Denton. The disposition was Cleared By Adult Arrest 01/30/2021. ",1/30/2021,Late Night
INCIDENT - ASSIST OTHER AGENCY,750121,1/30/2021 23:14,01/30/2021  23:14 - 01/31/2021 00:13,"720 Myrtle St, Denton",Outside Agency Case 01/31/2021,0.962239752,33.20796618,-97.13511443,"INCIDENT - ASSIST OTHER AGENCY was filed with the case number 0750121 was reported on 01/30/2021 23:14 at 720 Myrtle St, Denton. The disposition was Outside Agency Case 01/31/2021.  The incident was about 0.96 miles away from you.",1/30/2021,Night
D W I w/ OPEN CONTAINER,760121,1/31/2021 1:34,01/30/2021  23:26 - 01/31/2021 01:49,"Lot 85, 1300 Highland Park Rd, Denton",Clred By Adult Arrest 01/31/2021,0.741238718,33.2022959,-97.15642248,"D W I w/ OPEN ContainerAINER was filed with the case number 0760121 was reported on 01/31/2021 01:34 at Lot 85, 1300 Highland Park Rd, Denton. The disposition was Cleared By Adult Arrest 01/31/2021.  The incident was about 0.74 miles away from you.",1/31/2021,Late Night
D W I (1ST OR 2ND OFFENSE),770121,1/31/2021 2:00,01/31/2021  02:00 - 01/31/2021 02:20,"100 Fry Street, Denton",Clred By Adult Arrest 01/31/2021,0.331911015,33.214764,-97.146313,"D W I (1ST OR 2ND OFFENSE) was filed with the case number 0770121 was reported on 01/31/2021 02:00 at 100 Fry Street, Denton. The disposition was Cleared By Adult Arrest 01/31/2021.  The incident was about 0.33 miles away from you. Since the incident is less than half a mile away, you might want to take appropriate precautions. ",1/31/2021,Late Night
POSS OF DRUG PARAPHERNALIA,10221,2/1/2021 15:02,02/01/2021  15:02 - 02/01/2021 15:35,"Lot 25, 601 S Ave C, Denton",Cited 02/01/2021,0.222740358,33.20880992,-97.1508779,"Possession OF DRUG PARAPHERNALIA was filed with the case number 0010221 was reported on 02/01/2021 15:02 at Lot 25, 601 S Ave C, Denton. The disposition was Cited 02/01/2021. ",2/1/2021,Afternoon
OUTSIDE WARRANT FELONY,20221,2/1/2021 23:33,02/01/2021  23:33 - 02/02/2021 00:03,"720 W Mulberry St, Denton",Clred By Adult Arrest 02/02/2021,0.663002342,33.2136261,-97.13972522,"OUTSIDE WARRANT FelonyONY was filed with the case number 0020221 was reported on 02/01/2021 23:33 at 720 W Mulberry St, Denton. The disposition was Cleared By Adult Arrest 02/02/2021.  The incident was about 0.66 miles away from you.",2/1/2021,Night
INCIDENT - INFORMATION REPORT,30221,2/2/2021 12:11,01/14/2021  08:00 - 02/01/2021 14:58,"Uptown Apts, 2601 W Oak St, Denton",Information Only 02/02/2021,0.907256091,33.21466625,-97.1664105,"INCIDENT - INFORMATION REPORT was filed with the case number 0030221 was reported on 02/02/2021 12:11 at Uptown Apts, 2601 W Oak St, Denton. The disposition was Information Only 02/02/2021. ",2/2/2021,Afternoon
CRIMINAL TRESPASS,40221,2/2/2021 21:40,02/02/2021  21:40 - 02/02/2021 22:08,"Cvad, 300 S Welch St, Denton",Clred By Adult Arrest 02/02/2021,0.384736009,33.212499,-97.144403,"CriminalINAL TRESPASS was filed with the case number 0040221 was reported on 02/02/2021 21:40 at Cvad, 300 S Welch St, Denton. The disposition was Cleared By Adult Arrest 02/02/2021. ",2/2/2021,Night
BURG HABITATION,50221,2/2/2021 23:26,01/31/2021  15:30 - 02/02/2021 22:45,"Traditions Hall, 502 North Texas Blvd, Denton",Pending 02/02/2021,0.262633357,33.210471,-97.155178,"Burglary HABITATION was filed with the case number 0050221 was reported on 02/02/2021 23:26 at Traditions Hall, 502 North Texas Blvd, Denton. The disposition was Pending 02/02/2021. ",2/2/2021,Night
INCIDENT - MEDICAL ASSIST,60221,2/3/2021 2:39,02/03/2021  02:39 - 02/03/2021 03:03,"Victory Hall, 1379 S Bonnie Brae St, Denton",Information Only 02/03/2021,0.848861009,33.20327854,-97.16133946,"INCIDENT - MEDICAL ASSIST was filed with the case number 0060221 was reported on 02/03/2021 02:39 at Victory Hall, 1379 S Bonnie Brae St, Denton. The disposition was Information Only 02/03/2021. ",2/3/2021,Late Night
CRIMINAL TRESPASS WARNING,70221,2/3/2021 8:24,02/03/2021  09:00 - 02/03/2021 09:00,"2204 W Prairie St, Denton",Information Only 02/03/2021,0.300815699,33.210912,-97.15606395,"CriminalINAL TRESPASS WARNING was filed with the case number 0070221 was reported on 02/03/2021 08:24 at 2204 W Prairie St, Denton. The disposition was Information Only 02/03/2021.  The incident was about 0.3 miles away from you. Since the incident is less than half a mile away, you might want to take appropriate precautions. ",2/3/2021,Morning
THEFT MISDEMEANOR EXCEPT VEH,80221,2/3/2021 20:18,02/01/2021  11:30 - 02/02/2021 19:55,"Legends Hall, 221 North Texas Blvd, Denton",Pending 02/03/2021,0.250938546,33.21361151,-97.15494341,"THEFT MisdemeanorEMEANOR EXCEPT Vehicle was filed with the case number 0080221 was reported on 02/03/2021 20:18 at Legends Hall, 221 North Texas Blvd, Denton. The disposition was Pending 02/03/2021. ",2/3/2021,Night
POSS OF DRUG PARAPHERNALIA,90221,2/3/2021 22:44,02/03/2021  22:44 - 02/03/2021 23:25,"Victory Hall, 1379 S Bonnie Brae St, Denton",Cited 02/03/2021,0.848861009,33.20327854,-97.16133946,"Possession OF DRUG PARAPHERNALIA was filed with the case number 0090221 was reported on 02/03/2021 22:44 at Victory Hall, 1379 S Bonnie Brae St, Denton. The disposition was Cited 02/03/2021. ",2/3/2021,Night
POSS OF DRUG PARAPHERNALIA,100221,2/4/2021 0:17,02/04/2021  00:17 - 02/04/2021 01:08,"100 N North Texas Blvd, Denton",Cited 02/04/2021,0.297305792,33.21463,-97.155134,"Possession OF DRUG PARAPHERNALIA was filed with the case number 0100221 was reported on 02/04/2021 00:17 at 100 N North Texas Blvd, Denton. The disposition was Cited 02/04/2021.  The incident was about 0.3 miles away from you. Since the incident is less than half a mile away, you might want to take appropriate precautions. ",2/4/2021,Late Night
THEFT MISDEMEANOR EXCEPT VEH,120221,2/4/2021 22:24,02/04/2021  16:30 - 02/04/2021 17:00,"Cvad, 300 S. Welch, Denton",Unfounded 02/08/2021,0.384736009,33.212499,-97.144403,"THEFT MisdemeanorEMEANOR EXCEPT Vehicle was filed with the case number 0120221 was reported on 02/04/2021 22:24 at Cvad, 300 S. Welch, Denton. The disposition was Unfounded 02/08/2021. ",2/4/2021,Night
POSS CS PG2 (SYN NARCOTIC),130221,2/4/2021 23:02,02/04/2021  23:02 - 02/05/2021 00:04,"900 Maple St, Denton",Information Only 02/05/2021,0.293491637,33.2082517,-97.1487173,"Possession Controlled Substance Penalty Group2 (SYN NARCOTIC) was filed with the case number 0130221 was reported on 02/04/2021 23:02 at 900 Maple St, Denton. The disposition was Information Only 02/05/2021.  The incident was about 0.29 miles away from you. Since the incident is less than half a mile away, you might want to take appropriate precautions. ",2/4/2021,Night
D W I (1ST OR 2ND OFFENSE),140221,2/5/2021 1:01,02/05/2021  01:01 - 02/05/2021 01:16,"Lot 50, 900 Sycamore Street, Denton",Clred By Adult Arrest 02/05/2021,15.23838545,33.03775,-96.98965,"D W I (1ST OR 2ND OFFENSE) was filed with the case number 0140221 was reported on 02/05/2021 01:01 at Lot 50, 900 Sycamore Street, Denton. The disposition was Cleared By Adult Arrest 02/05/2021. ",2/5/2021,Late Night
THEFT FELONY EXCEPT VEH,160221,2/5/2021 16:20,01/30/2021  22:30 - 02/05/2021 14:00,"Lot 20, 700 North Texas Blvd, Denton",Pending 02/05/2021,0.356196579,33.208255,-97.15523,"THEFT FelonyONY EXCEPT Vehicle was filed with the case number 0160221 was reported on 02/05/2021 16:20 at Lot 20, 700 North Texas Blvd, Denton. The disposition was Pending 02/05/2021. ",2/5/2021,Afternoon
POSS / DISCHARGE FIREWORKS,170221,2/5/2021 20:27,02/05/2021  20:27 - 02/05/2021 20:42,"2001 W Hickory St, Denton",Clred By Other Means 02/05/2021,0.262074643,33.21463407,-97.15433254,"Possession / DISCHARGE FIREWORKS was filed with the case number 0170221 was reported on 02/05/2021 20:27 at 2001 W Hickory St, Denton. The disposition was Cleared By Other Means 02/05/2021.  The incident was about 0.26 miles away from you. Since the incident is less than half a mile away, you might want to take appropriate precautions. ",2/5/2021,Night
TERRORISTIC THREAT,180221,2/5/2021 20:52,02/05/2021  20:52 - 02/05/2021 21:14,"Kerr Hall, 1413 Maple St, Denton",Pending 02/05/2021,0.360131122,33.2077143,-97.14754352,"TERRORISTIC THREAT was filed with the case number 0180221 was reported on 02/05/2021 20:52 at Kerr Hall, 1413 Maple St, Denton. The disposition was Pending 02/05/2021.  The incident was about 0.36 miles away from you. Since the incident is less than half a mile away, you might want to take appropriate precautions. ",2/5/2021,Night
ASSAULT BY CONTACT,190221,2/5/2021 23:45,02/05/2021  23:45 - 02/05/2021 23:45,"Fiji, 919 Maple St, Denton",Information Only 02/05/2021,0.565224405,33.208105,-97.142457,"ASSAULT BY ContainerACT was filed with the case number 0190221 was reported on 02/05/2021 23:45 at Fiji, 919 Maple St, Denton. The disposition was Information Only 02/05/2021. ",2/5/2021,Night
THEFT MISDEMEANOR EXCEPT VEH,200221,2/6/2021 19:49,02/06/2021  19:43 - 02/06/2021 19:49,"Lot 81, 1311 S Bonnie Brae St, Denton",Pending 02/06/2021,0.725738049,33.20610494,-97.16140025,"THEFT MisdemeanorEMEANOR EXCEPT Vehicle was filed with the case number 0200221 was reported on 02/06/2021 19:49 at Lot 81, 1311 S Bonnie Brae St, Denton. The disposition was Pending 02/06/2021. ",2/6/2021,Night
POSS OF DRUG PARAPHERNALIA,210221,2/7/2021 1:23,02/07/2021  01:23 - 02/07/2021 01:37,"Lot 55, 950 W Sycamore St, Denton",Cited 02/07/2021,0.485084536,33.2126805,-97.1426795,"Possession OF DRUG PARAPHERNALIA was filed with the case number 0210221 was reported on 02/07/2021 01:23 at Lot 55, 950 W Sycamore St, Denton. The disposition was Cited 02/07/2021. ",2/7/2021,Late Night
POSS CS PG2 (NON-NARCOTIC),220221,2/7/2021 1:50,02/07/2021  01:50 - 02/07/2021 02:06,"Lot 55, 950 W Sycamore St, Denton",Clred By Adult Arrest 02/07/2021,0.485084536,33.2126805,-97.1426795,"Possession Controlled Substance Penalty Group2 (NON-NARCOTIC) was filed with the case number 0220221 was reported on 02/07/2021 01:50 at Lot 55, 950 W Sycamore St, Denton. The disposition was Cleared By Adult Arrest 02/07/2021. ",2/7/2021,Late Night
INCIDENT - ASSIST OTHER AGENCY,230221,2/7/2021 4:14,02/07/2021  04:14 - 02/07/2021 04:39,"306 W University Dr, Denton",Outside Agency Case 02/07/2021,1.619851254,33.2312773,-97.13503223,"INCIDENT - ASSIST OTHER AGENCY was filed with the case number 0230221 was reported on 02/07/2021 04:14 at 306 W University Dr, Denton. The disposition was Outside Agency Case 02/07/2021.  The incident was about 1.6 miles away from you.",2/7/2021,Late Night
D W I w/ OPEN CONTAINER,240221,2/7/2021 22:36,02/07/2021  22:36 - 02/07/2021 22:58,"Cluster Apartments, 2269 W Oak St, Denton",Clred By Adult Arrest 02/07/2021,0.533829322,33.21567701,-97.15917694,"D W I w/ OPEN ContainerAINER was filed with the case number 0240221 was reported on 02/07/2021 22:36 at Cluster Apartments, 2269 W Oak St, Denton. The disposition was Cleared By Adult Arrest 02/07/2021. ",2/7/2021,Night
INCIDENT - INFORMATION REPORT,250221,2/8/2021 20:03,02/08/2021  20:03 - 02/08/2021 20:33,"Lot 20, 700 North Texas Blvd, Denton",Information Only 02/08/2021,0.356196579,33.208255,-97.15523,"INCIDENT - INFORMATION REPORT was filed with the case number 0250221 was reported on 02/08/2021 20:03 at Lot 20, 700 North Texas Blvd, Denton. The disposition was Information Only 02/08/2021. ",2/8/2021,Night
CRIMINAL TRESPASS WARNING,260221,2/9/2021 10:26,02/09/2021  10:00 - 02/09/2021 10:00,1700 Wilshire St.,Information Only 02/09/2021,0.41525192,33.2060341,-97.15150914,"CriminalINAL TRESPASS WARNING was filed with the case number 0260221 was reported on 02/09/2021 10:26 at 1700 Wilshire St.. The disposition was Information Only 02/09/2021.  The incident was about 0.42 miles away from you. Since the incident is less than half a mile away, you might want to take appropriate precautions. ",2/9/2021,Morning
DUTY ON STRIKING FIXTURE,270221,2/9/2021 21:09,02/06/2021  02:22 - 02/09/2021 21:10,"100 Ave A, Denton",Pending 02/09/2021,0.541944046,33.2053901,-97.1460464,"DUTY ON STRIKING FIXTURE was filed with the case number 0270221 was reported on 02/09/2021 21:09 at 100 Ave A, Denton. The disposition was Pending 02/09/2021.  The incident was about 0.54 miles away from you.",2/9/2021,Night
DRIVE UNDER INFLU ALCH MINOR,280221,2/10/2021 1:00,02/10/2021  01:00 - 02/10/2021 01:30,"Lot 50, 300 S Welch St, Denton",Clred By Adult Arrest 02/10/2021,0.384736009,33.212499,-97.144403,"DRIVE UNDER Influence Alcohol MINOR was filed with the case number 0280221 was reported on 02/10/2021 01:00 at Lot 50, 300 S Welch St, Denton. The disposition was Cleared By Adult Arrest 02/10/2021. ",2/10/2021,Late Night
INCIDENT - INFORMATION REPORT,290221,2/11/2021 9:09,02/10/2021  21:50 - 02/10/2021 21:50,"West Hall, 320 North Texas Blvd., Denton",Information Only 02/11/2021,0.239047331,33.21232293,-97.15515553,"INCIDENT - INFORMATION REPORT was filed with the case number 0290221 was reported on 02/11/2021 09:09 at West Hall, 320 North Texas Blvd., Denton. The disposition was Information Only 02/11/2021. ",2/11/2021,Morning
THEFT MISDEMEANOR EXCEPT VEH,300221,2/11/2021 10:54,10/01/2020  10:35 - 02/11/2021 10:35,"415 South Ave C, Denton",Pending 02/11/2021,0.061920907,33.21114872,-97.150847,"THEFT MisdemeanorEMEANOR EXCEPT Vehicle was filed with the case number 0300221 was reported on 02/11/2021 10:54 at 415 South Ave C, Denton. The disposition was Pending 02/11/2021.  The incident was about 0.062 miles away from you. Since the incident is less than half a mile away, you might want to take appropriate precautions. ",2/11/2021,Morning
POSS OF DRUG PARAPHERNALIA,310221,2/12/2021 0:14,02/12/2021  00:14 - 02/12/2021 01:14,"Lot 20, 700 North Texas Blvd, Denton",Cited 02/12/2021,0.356196579,33.208255,-97.15523,"Possession OF DRUG PARAPHERNALIA was filed with the case number 0310221 was reported on 02/12/2021 00:14 at Lot 20, 700 North Texas Blvd, Denton. The disposition was Cited 02/12/2021. ",2/12/2021,Late Night
LIQUOR LAW VIOLATION,320221,2/12/2021 10:36,02/06/2021  00:15 - 02/06/2021 00:15,"Clark Hall, 1717 Maple St, Denton",Report taken by Dean of Students 02/12/2021,0.299825222,33.2077431,-97.15183182,"LIQUOR LAW VIOLATION was filed with the case number 0320221 was reported on 02/12/2021 10:36 at Clark Hall, 1717 Maple St, Denton. The disposition was Report taken by Dean of Students 02/12/2021. ",2/12/2021,Morning
FRAUD USE / POSS ID INFORMATION,330221,2/12/2021 14:39,02/05/2021  11:57 - 02/05/2021 14:57,"University Union, 1155 Union Circle, Denton",Information Only 02/12/2021,0.263339184,33.2107123,-97.1467609,"FRAUD USE / Possession ID INFORMATION was filed with the case number 0330221 was reported on 02/12/2021 14:39 at University Union, 1155 Union Circle, Denton. The disposition was Information Only 02/12/2021.  The incident was about 0.26 miles away from you. Since the incident is less than half a mile away, you might want to take appropriate precautions. ",2/12/2021,Afternoon
D W I (1ST OR 2ND OFFENSE),340221,2/13/2021 2:18,02/13/2021  02:18 - 02/13/2021 02:41,"1000 S Welch St, Denton",Clred By Adult Arrest 02/13/2021,0.602105453,33.205238,-97.144511,"D W I (1ST OR 2ND OFFENSE) was filed with the case number 0340221 was reported on 02/13/2021 02:18 at 1000 S Welch St, Denton. The disposition was Cleared By Adult Arrest 02/13/2021.  The incident was about 0.6 miles away from you.",2/13/2021,Late Night
D W I (1ST OR 2ND OFFENSE),350221,2/13/2021 3:18,02/13/2021  03:18 - 02/13/2021 03:38,"100 N. North Texas Blvd, Denton",Clred By Adult Arrest 02/13/2021,0.297305792,33.21463,-97.155134,"D W I (1ST OR 2ND OFFENSE) was filed with the case number 0350221 was reported on 02/13/2021 03:18 at 100 N. North Texas Blvd, Denton. The disposition was Cleared By Adult Arrest 02/13/2021.  The incident was about 0.3 miles away from you. Since the incident is less than half a mile away, you might want to take appropriate precautions. ",2/13/2021,Late Night
CRIM MISCH MISDEMEANOR,360221,2/13/2021 15:33,02/13/2021  14:45 - 02/13/2021 15:33,"Woodhill Square Bldg 4, 1112 Dallas Dr, Denton",Information Only 02/14/2021,1.998557112,33.196963,-97.121526,"Criminal Mischief MisdemeanorEMEANOR was filed with the case number 0360221 was reported on 02/13/2021 15:33 at Woodhill Square Bldg 4, 1112 Dallas Dr, Denton. The disposition was Information Only 02/14/2021. ",2/13/2021,Afternoon
INCIDENT - INFORMATION REPORT,370221,2/13/2021 15:03,02/05/2021  14:10 - 02/05/2021 14:10,"300 North Texas Blvd, Denton",Information Only 02/13/2021,0.240158742,33.212497,-97.155152,"INCIDENT - INFORMATION REPORT was filed with the case number 0370221 was reported on 02/13/2021 15:03 at 300 North Texas Blvd, Denton. The disposition was Information Only 02/13/2021.  The incident was about 0.24 miles away from you. Since the incident is less than half a mile away, you might want to take appropriate precautions. ",2/13/2021,Afternoon
OUTSIDE WARRANT FELONY,380221,2/13/2021 20:09,02/13/2021  20:09 - 02/13/2021 21:18,"Quik Trip, 321 W Eagle Dr, Denton",Clred By Adult Arrest 02/13/2021,-1,-1,-1,"OUTSIDE WARRANT FelonyONY was filed with the case number 0380221 was reported on 02/13/2021 20:09 at Quik Trip, 321 W Eagle Dr, Denton. The disposition was Cleared By Adult Arrest 02/13/2021. ",2/13/2021,Night
D W I (1ST OR 2ND OFFENSE),390221,2/14/2021 2:04,02/14/2021  02:04 - 02/14/2021 02:30,"Radio Tv Film And Performing Art, 1179 Union Circle, Denton",Clred By Adult Arrest 02/14/2021,0.328143002,33.2115506,-97.1453876,"D W I (1ST OR 2ND OFFENSE) was filed with the case number 0390221 was reported on 02/14/2021 02:04 at Radio Tv Film And Performing Art, 1179 Union Circle, Denton. The disposition was Cleared By Adult Arrest 02/14/2021. ",2/14/2021,Late Night
INCIDENT - INFORMATION REPORT,400221,2/14/2021 4:59,02/14/2021  04:59 - 02/14/2021 05:30,"Victory Hall, 1379 S Bonnie Brae St, Denton",Information Only 02/14/2021,0.848861009,33.20327854,-97.16133946,"INCIDENT - INFORMATION REPORT was filed with the case number 0400221 was reported on 02/14/2021 04:59 at Victory Hall, 1379 S Bonnie Brae St, Denton. The disposition was Information Only 02/14/2021. ",2/14/2021,Late Night
INCIDENT - INFORMATION REPORT,410221,2/14/2021 22:52,02/14/2021  22:29 - 02/14/2021 22:29,"1600 W Hickory St, Denton",Information Only 02/15/2021,0.206985654,33.21474216,-97.14951178,"INCIDENT - INFORMATION REPORT was filed with the case number 0410221 was reported on 02/14/2021 22:52 at 1600 W Hickory St, Denton. The disposition was Information Only 02/15/2021.  The incident was about 0.21 miles away from you. Since the incident is less than half a mile away, you might want to take appropriate precautions. ",2/14/2021,Night
CONSUMP OF ALCOHOL BY MINOR,420221,2/15/2021 2:25,02/15/2021  02:25 - 02/15/2021 03:27,"Joe Greene Hall, 800 Ave A, Denton",Information Only 02/15/2021,0.43364395,33.20718535,-97.14626757,"Consumption OF ALCOHOL BY MINOR was filed with the case number 0420221 was reported on 02/15/2021 02:25 at Joe Greene Hall, 800 Ave A, Denton. The disposition was Information Only 02/15/2021. ",2/15/2021,Late Night
INCIDENT - INFORMATION REPORT,430221,2/15/2021 18:30,02/15/2021  15:00 - 02/15/2021 18:30,"Rawlins Hall, 1815 Maple St, Denton",Pending 02/22/2021,0.32630391,33.207489,-97.15258124,"INCIDENT - INFORMATION REPORT was filed with the case number 0430221 was reported on 02/15/2021 18:30 at Rawlins Hall, 1815 Maple St, Denton. The disposition was Pending 02/22/2021. ",2/15/2021,Night
INCIDENT - INFORMATION REPORT,440221,2/16/2021 13:36,02/16/2021  13:36 - 02/16/2021 14:07,"Rawlins Hall, 1815 Maple St, Denton",Information Only 02/16/2021,0.32630391,33.207489,-97.15258124,"INCIDENT - INFORMATION REPORT was filed with the case number 0440221 was reported on 02/16/2021 13:36 at Rawlins Hall, 1815 Maple St, Denton. The disposition was Information Only 02/16/2021. ",2/16/2021,Afternoon
INCIDENT - INFORMATION REPORT,450221,2/18/2021 1:00,02/18/2021  01:00 - 02/18/2021 02:04,"University Services Bldg, 2310 N I35E, Denton",Information Only 02/18/2021,-1,-1,-1,"INCIDENT - INFORMATION REPORT was filed with the case number 0450221 was reported on 02/18/2021 01:00 at University Services Bldg, 2310 N I35E, Denton. The disposition was Information Only 02/18/2021. ",2/18/2021,Late Night
INCIDENT - ASSIST OTHER AGENCY,460221,2/19/2021 2:22,02/19/2021  02:22 - 02/19/2021 02:45,"Grad House Apartments, 2428 W Prairie St, Denton",Information Only 02/19/2021,0.479562734,33.21090871,-97.15922171,"INCIDENT - ASSIST OTHER AGENCY was filed with the case number 0460221 was reported on 02/19/2021 02:22 at Grad House Apartments, 2428 W Prairie St, Denton. The disposition was Information Only 02/19/2021. ",2/19/2021,Late Night
INDECENT ASSAULT,470221,2/19/2021 11:54,02/19/2021  11:54 - 02/19/2021 13:08,"Sullivant Public Safety Center, 1700 Wilshire St, Denton",Clred By Other Means 02/19/2021,0.41525192,33.2060341,-97.15150914,"INDECENT ASSAULT was filed with the case number 0470221 was reported on 02/19/2021 11:54 at Sullivant Public Safety Center, 1700 Wilshire St, Denton. The disposition was Cleared By Other Means 02/19/2021. ",2/19/2021,Morning
INCIDENT - ASSIST OTHER AGENCY,480221,2/21/2021 1:02,02/20/2021  20:28 - 02/21/2021 01:02,"900 S Elm St, Denton",Outside Agency Case 02/21/2021,1.061015599,33.206378,-97.13397,"INCIDENT - ASSIST OTHER AGENCY was filed with the case number 0480221 was reported on 02/21/2021 01:02 at 900 S Elm St, Denton. The disposition was Outside Agency Case 02/21/2021.  The incident was about 1.1 miles away from you.",2/21/2021,Late Night
INCIDENT - ASSIST OTHER AGENCY,490221,2/21/2021 2:00,02/21/2021  02:00 - 02/21/2021 02:19,"5800 N I35E, Denton",Outside Agency Case 12/21/2021,2.024264462,33.1838787,-97.1413417,"INCIDENT - ASSIST OTHER AGENCY was filed with the case number 0490221 was reported on 02/21/2021 02:00 at 5800 N I35E, Denton. The disposition was Outside Agency Case 12/21/2021. ",2/21/2021,Late Night
INDECENT ASSAULT,500221,2/21/2021 15:28,02/19/2021  21:00 - 09/19/2021 23:00,"Joe Greene Hall, 800 Ave A, Denton",Pending 02/21/2021,0.43364395,33.20718535,-97.14626757,"INDECENT ASSAULT was filed with the case number 0500221 was reported on 02/21/2021 15:28 at Joe Greene Hall, 800 Ave A, Denton. The disposition was Pending 02/21/2021. ",2/21/2021,Afternoon
INCIDENT - MEDICAL ASSIST,520221,2/22/2021 10:01,02/22/2021  09:50 - 02/22/2021 10:15,"Discovery Park, 3940 N Elm St, Denton",Information Only 02/22/2021,2.900110164,33.25395315,-97.15352254,"INCIDENT - MEDICAL ASSIST was filed with the case number 0520221 was reported on 02/22/2021 10:01 at Discovery Park, 3940 N Elm St, Denton. The disposition was Information Only 02/22/2021.  The incident was about 2.9 miles away from you.",2/22/2021,Morning
UNLAWFUL DISCLOSURE/PROMOTION OF INTIMATE VISUAL MATER,530221,2/23/2021 13:28,02/22/2021  10:00 - 02/23/2021 12:30,"Sullivant Public Safety Center, 1700 Wilshire St, Denton",Pending 02/23/2021,0.41525192,33.2060341,-97.15150914,"UNLAWFUL DISCLOSURE/PROMOTION OF INTIMATE VISUAL MATER was filed with the case number 0530221 was reported on 02/23/2021 13:28 at Sullivant Public Safety Center, 1700 Wilshire St, Denton. The disposition was Pending 02/23/2021. ",2/23/2021,Afternoon
THEFT MISDEMEANOR EXCEPT VEH,540221,2/23/2021 14:43,02/21/2021  13:00 - 02/21/2021 13:00,"1815 Maple Street, Denton",Pending 02/23/2021,0.32630391,33.207489,-97.15258124,"THEFT MisdemeanorEMEANOR EXCEPT Vehicle was filed with the case number 0540221 was reported on 02/23/2021 14:43 at 1815 Maple Street, Denton. The disposition was Pending 02/23/2021.  The incident was about 0.33 miles away from you. Since the incident is less than half a mile away, you might want to take appropriate precautions. ",2/23/2021,Afternoon
THEFT MISDEMEANOR EXCEPT VEH,550221,2/23/2021 15:00,02/12/2021  14:50 - 02/21/2021 20:50,"Highland Street Parking Garage, 620 Central Avenue, Denton",Pending 02/23/2021,0.367170259,33.2087512,-97.1460375,"THEFT MisdemeanorEMEANOR EXCEPT Vehicle was filed with the case number 0550221 was reported on 02/23/2021 15:00 at Highland Street Parking Garage, 620 Central Avenue, Denton. The disposition was Pending 02/23/2021. ",2/23/2021,Afternoon
CRIM MISCH MISDEMEANOR,560221,2/24/2021 1:49,02/24/2021  01:49 - 02/24/2021 01:49,"Lot 17 North, 328 North Texas Blvd, Denton",Clred By Other Means 02/24/2021,0.238771054,33.2122533,-97.15515694,"Criminal Mischief MisdemeanorEMEANOR was filed with the case number 0560221 was reported on 02/24/2021 01:49 at Lot 17 North, 328 North Texas Blvd, Denton. The disposition was Cleared By Other Means 02/24/2021. ",2/24/2021,Late Night
POSS ALCOHOLIC BEV IN MOTOR VEH,570221,2/24/2021 2:13,02/24/2021  02:15 - 02/24/2021 02:58,"300 North Texas Blvd, Denton",Cited 02/24/2021,0.240158742,33.212497,-97.155152,"Possession ALCOHOLicense Beverage IN MOTOR Vehicle was filed with the case number 0570221 was reported on 02/24/2021 02:13 at 300 North Texas Blvd, Denton. The disposition was Cited 02/24/2021.  The incident was about 0.24 miles away from you. Since the incident is less than half a mile away, you might want to take appropriate precautions. ",2/24/2021,Late Night
PUBLIC INTOXICATION,580221,2/24/2021 4:36,02/24/2021  04:36 - 02/24/2021 05:08,"Honors Hall, 1716 W Eagle Dr, Denton",Clred By Adult Arrest 02/24/2021,-1,-1,-1,"PUBLicense INTOXICATION was filed with the case number 0580221 was reported on 02/24/2021 04:36 at Honors Hall, 1716 W Eagle Dr, Denton. The disposition was Cleared By Adult Arrest 02/24/2021. ",2/24/2021,Late Night
SEXUAL ASSAULT,590221,2/24/2021 12:39,02/23/2021  12:00 - 02/23/2021 13:00,"Rawlins Hall, 1815 Maple St, Denton",Pending 02/24/2021,0.32630391,33.207489,-97.15258124,"SEXUAL ASSAULT was filed with the case number 0590221 was reported on 02/24/2021 12:39 at Rawlins Hall, 1815 Maple St, Denton. The disposition was Pending 02/24/2021. ",2/24/2021,Afternoon
POSS OF DRUG PARAPHERNALIA,600221,2/24/2021 21:17,02/24/2021  21:17 - 02/24/2021 21:31,"Goolsby Chapel, 1622 Maple St, Denton",Cited 02/24/2021,0.255927797,33.2084845,-97.14975742,"Possession OF DRUG PARAPHERNALIA was filed with the case number 0600221 was reported on 02/24/2021 21:17 at Goolsby Chapel, 1622 Maple St, Denton. The disposition was Cited 02/24/2021.  The incident was about 0.26 miles away from you. Since the incident is less than half a mile away, you might want to take appropriate precautions. ",2/24/2021,Night
POSS CS PG2 (NON-NARCOTIC),610221,2/24/2021 22:47,02/24/2021  22:47 - 02/24/2021 23:06,"Honors Hall, 1716 W Eagle Dr, Denton",Clred By Adult Arrest 02/24/2021,-1,-1,-1,"Possession Controlled Substance Penalty Group2 (NON-NARCOTIC) was filed with the case number 0610221 was reported on 02/24/2021 22:47 at Honors Hall, 1716 W Eagle Dr, Denton. The disposition was Cleared By Adult Arrest 02/24/2021. ",2/24/2021,Night
